CREATE TABLE Champions(id_partido INT, nombre_equipo1 VARCHAR, nombre_equipo2 VARCHAR, categoria VARCHAR, resultado INT);
INSERT INTO Champions VALUES (1, 'Real Madrid', 'Barcelona', 'Primera', 2);
INSERT INTO Champions VALUES (2, 'Paris Saint Germain', 'Bayern Munich FC', 'Primera', 1);
INSERT INTO Champions VALUES (3, 'Manchester United', 'Chelsea FC', 'Primera', 1);
INSERT INTO CHAMPIONS VALUES (4, 'Juventus', 'Ajax', 'Primera', 2);
INSERT INTO CHAMPIONS VALUES (5, 'Liverpool', 'Tottenham', 'Primera', 1);
INSERT INTO CHAMPIONS VALUES (6, 'Manchester City', 'Olympique Lyonnais', 'Primera', 1);
INSERT INTO CHAMPIONS VALUES (7, 'Borussia Dortmund', 'Benfica', 'Primera', 1);
INSERT INTO Champions VALUES (4, 'Juventus', 'Liverpool FC', 'Primera', 2);
INSERT INTO Champions VALUES (5, 'Liverpool', 'Tottenham', 'Primera', 1);
INSERT INTO Champions VALUES (6, 'Manchester City', 'Olympique Lyonnais', 'Primera', 1);
INSERT INTO Champions VALUES (7, 'Borussia Dortmund', 'Benfica', 'Primera', 1);
INSERT INTO Champions VALUES (5, 'Real Madrid', 'Bayern Munich FC', 'Segunda', 1);
INSERT INTO Champions VALUES (6, 'Barcelona', 'Paris Saint Germain', 'Segunda', 2);
INSERT INTO Champions VALUES (7, 'Inter Millan', 'Manchester United', 'Segunda', 2);
INSERT INTO Champions VALUES (8, 'Chelsea FC', 'Juventus', 'Segunda', 1);
INSERT INTO Champions VALUES (9, 'Ajax', 'Manchester City', 'Segunda', 1);
INSERT INTO Champions VALUES (10, 'Olympique Lyonnais', 'Borussia Dortmund', 'Segunda', 1);
INSERT INTO Champions VALUES (11, 'Benfica', 'Liverpool FC', 'Segunda', 1);
INSERT INTO Champions VALUES (12, 'Tottenham', 'Inter Millan', 'Segunda', 1);
INSERT INTO Champions VALUES (13, 'Bayern Munich FC', 'Real Madrid', 'Tercera', 1);
INSERT INTO Champions VALUES (14, 'Paris Saint Germain', 'Barcelona', 'Tercera', 1);
INSERT INTO Champions VALUES (15, 'Manchester United', 'Chelsea FC', 'Tercera', 1);
INSERT INTO Champions VALUES (16, 'Juventus', 'Ajax', 'Tercera', 1);
INSERT INTO Champions VALUES (17, 'Liverpool FC', 'Tottenham', 'Tercera', 1);
INSERT INTO Champions VALUES (18, 'Manchester City', 'Olympique Lyonnais', 'Tercera', 1);
INSERT INTO Champions VALUES (19, 'Borussia Dortmund', 'Benfica', 'Tercera', 1);
INSERT INTO Champions VALUES (20, 'Inter Millan', 'Real Madrid', 'Tercera', 1);
INSERT INTO Champions VALUES (21, 'Barcelona', 'Bayern Munich FC', 'Tercera', 1);
INSERT INTO Champions VALUES (22, 'Chelsea FC', 'Paris Saint Germain', 'Tercera', 1);
INSERT INTO Champions VALUES (23, 'Ajax', 'Manchester United', 'Tercera', 1);
INSERT INTO Champions VALUES (24, 'Olympique Lyonnais', 'Juventus', 'Tercera', 1);
INSERT INTO Champions VALUES (25, 'Benfica', 'Manchester City', 'Tercera', 1);
INSERT INTO Champions VALUES (26, 'Tottenham', 'Borussia Dortmund', 'Tercera', 1);

CREATE TABLE Users(id_user SERIAL, nombre VARCHAR, apellido VARCHAR, email VARCHAR, password VARCHAR);
INSERT INTO users(nombre, apellido, email, password) VALUES ('Juan', 'Perez', 'juan.perez@gmail.com', '1234');
INSERT INTO users(nombre, apellido, email, password) VALUES ('Maria', 'Gomez', 'maria.gomez@gmail.com', '1234');
INSERT INTO users(nombre, apellido, email, password) VALUES ('Pedro', 'Rodriguez', 'pedro.rodriguez@hotmail.com', '1234');
INSERT INTO users(nombre, apellido, email, password) VALUES ('Jose', 'Lopez', 'jose.lopez@yahoo.com', '1234');
INSERT INTO users(nombre, apellido, email, password) VALUES ('Ana', 'Martinez', 'ana.martinez@hotmail.com', '1234');

CREATE TABLE Equipos(id_equipo SERIAL, nombre VARCHAR, categoria VARCHAR, pais VARCHAR);
INSERT INTO equipos(nombre, categoria, pais) VALUES ('Real Madrid', 'Primera', 'España');
INSERT INTO equipos(nombre, categoria, pais) VALUES ('Barcelona', 'Primera', 'España');
INSERT INTO equipos(nombre, categoria, pais) VALUES ('Paris Saint Germain', 'Primera', 'Francia');
INSERT INTO equipos(nombre, categoria, pais) VALUES ('Bayern Munich FC', 'Primera', 'Alemania');
INSERT INTO equipos(nombre, categoria, pais) VALUES ('Manchester United', 'Primera', 'Inglaterra');
INSERT INTO equipos(nombre, categoria, pais) VALUES ('Chelsea FC', 'Primera', 'Inglaterra');
INSERT INTO equipos(nombre, categoria, pais) VALUES ('Juventus', 'Primera', 'Italia');
INSERT INTO equipos(nombre, categoria, pais) VALUES ('Ajax', 'Primera', 'Holanda');
INSERT INTO equipos(nombre, categoria, pais) VALUES ('Liverpool FC', 'Primera', 'Inglaterra');
INSERT INTO equipos(nombre, categoria, pais) VALUES ('Tottenham', 'Primera', 'Inglaterra');
INSERT INTO equipos(nombre, categoria, pais) VALUES ('Manchester City', 'Primera', 'Inglaterra');
INSERT INTO equipos(nombre, categoria, pais) VALUES ('Olympique Lyonnais', 'Primera', 'Francia');
INSERT INTO equipos(nombre, categoria, pais) VALUES ('Borussia Dortmund', 'Primera', 'Alemania');
INSERT INTO equipos(nombre, categoria, pais) VALUES ('Benfica', 'Primera', 'Portugal');
INSERT INTO equipos(nombre, categoria, pais) VALUES ('Inter Millan', 'Segunda', 'Italia');

