CREATE TABLE Champions(Id_partido INT, Nombre_equipo1 VARCHAR, Nombre_equipo2 VARCHAR, Categoria VARCHAR, Resultado INT);
INSERT INTO champions(Id_partido, Nombre_equipo1, Nombre_equipo2, Categoria, Resultado) VALUES (1, 'Real Madrid', 'Barcelona', 'Primera', 2);
INSERT INTO champions(Id_partido, Nombre_equipo1, Nombre_equipo2, Categoria, Resultado) VALUES (2, 'Paris Saint Germain', 'Bayern Munich FC', 'Primera', 1);
INSERT INTO champions(Id_partido, Nombre_equipo1, Nombre_equipo2, Categoria, Resultado) VALUES (3, 'Manchester United', 'Chelsea FC', 'Primera', 1);
INSERT INTO champions(Id_partido, Nombre_equipo1, Nombre_equipo2, Categoria, Resultado) VALUES (4, 'Juventus', 'Ajax', 'Primera', 2);
INSERT INTO champions(Id_partido, Nombre_equipo1, Nombre_equipo2, Categoria, Resultado) VALUES (5, 'Liverpool', 'Tottenham', 'Primera', 1);
INSERT INTO champions(Id_partido, Nombre_equipo1, Nombre_equipo2, Categoria, Resultado) VALUES (6, 'Manchester City', 'Olympique Lyonnais', 'Primera', 1);
INSERT INTO champions(Id_partido, Nombre_equipo1, Nombre_equipo2, Categoria, Resultado) VALUES (7, 'Borussia Dortmund', 'Benfica', 'Primera', 1);
INSERT INTO champions(Id_partido, Nombre_equipo1, Nombre_equipo2, Categoria, Resultado) VALUES (4, 'Juventus', 'Liverpool FC', 'Primera', 2);
INSERT INTO champions(Id_partido, Nombre_equipo1, Nombre_equipo2, Categoria, Resultado) VALUES (5, 'Liverpool', 'Tottenham', 'Primera', 1);
INSERT INTO champions(Id_partido, Nombre_equipo1, Nombre_equipo2, Categoria, Resultado) VALUES (6, 'Manchester City', 'Olympique Lyonnais', 'Primera', 1);
INSERT INTO champions(Id_partido, Nombre_equipo1, Nombre_equipo2, Categoria, Resultado) VALUES (7, 'Borussia Dortmund', 'Benfica', 'Primera', 1);
INSERT INTO champions(Id_partido, Nombre_equipo1, Nombre_equipo2, Categoria, Resultado) VALUES (5, 'Real Madrid', 'Bayern Munich FC', 'Segunda', 1);
INSERT INTO champions(Id_partido, Nombre_equipo1, Nombre_equipo2, Categoria, Resultado) VALUES (6, 'Barcelona', 'Paris Saint Germain', 'Segunda', 2);
INSERT INTO champions(Id_partido, Nombre_equipo1, Nombre_equipo2, Categoria, Resultado) VALUES (7, 'Inter Millan', 'Manchester United', 'Segunda', 2);
INSERT INTO champions(Id_partido, Nombre_equipo1, Nombre_equipo2, Categoria, Resultado) VALUES (8, 'Chelsea FC', 'Juventus', 'Segunda', 1);
INSERT INTO champions(Id_partido, Nombre_equipo1, Nombre_equipo2, Categoria, Resultado) VALUES (9, 'Ajax', 'Manchester City', 'Segunda', 1);
INSERT INTO champions(Id_partido, Nombre_equipo1, Nombre_equipo2, Categoria, Resultado) VALUES (10, 'Olympique Lyonnais', 'Borussia Dortmund', 'Segunda', 1);
INSERT INTO champions(Id_partido, Nombre_equipo1, Nombre_equipo2, Categoria, Resultado) VALUES (11, 'Benfica', 'Liverpool FC', 'Segunda', 1);
INSERT INTO champions(Id_partido, Nombre_equipo1, Nombre_equipo2, Categoria, Resultado) VALUES (12, 'Tottenham', 'Inter Millan', 'Segunda', 1);
INSERT INTO champions(Id_partido, Nombre_equipo1, Nombre_equipo2, Categoria, Resultado) VALUES (13, 'Bayern Munich FC', 'Real Madrid', 'Tercera', 1);
INSERT INTO champions(Id_partido, Nombre_equipo1, Nombre_equipo2, Categoria, Resultado) VALUES (14, 'Paris Saint Germain', 'Barcelona', 'Tercera', 1);
INSERT INTO champions(Id_partido, Nombre_equipo1, Nombre_equipo2, Categoria, Resultado) VALUES (15, 'Manchester United', 'Chelsea FC', 'Tercera', 1);
INSERT INTO champions(Id_partido, Nombre_equipo1, Nombre_equipo2, Categoria, Resultado) VALUES (16, 'Juventus', 'Ajax', 'Tercera', 1);
INSERT INTO champions(Id_partido, Nombre_equipo1, Nombre_equipo2, Categoria, Resultado) VALUES (17, 'Liverpool FC', 'Tottenham', 'Tercera', 1);
INSERT INTO champions(Id_partido, Nombre_equipo1, Nombre_equipo2, Categoria, Resultado) VALUES (18, 'Manchester City', 'Olympique Lyonnais', 'Tercera', 1);
INSERT INTO champions(Id_partido, Nombre_equipo1, Nombre_equipo2, Categoria, Resultado) VALUES (19, 'Borussia Dortmund', 'Benfica', 'Tercera', 1);
INSERT INTO champions(Id_partido, Nombre_equipo1, Nombre_equipo2, Categoria, Resultado) VALUES (20, 'Inter Millan', 'Real Madrid', 'Tercera', 1);
INSERT INTO champions(Id_partido, Nombre_equipo1, Nombre_equipo2, Categoria, Resultado) VALUES (21, 'Barcelona', 'Bayern Munich FC', 'Tercera', 1);
INSERT INTO champions(Id_partido, Nombre_equipo1, Nombre_equipo2, Categoria, Resultado) VALUES (22, 'Chelsea FC', 'Paris Saint Germain', 'Tercera', 1);
INSERT INTO champions(Id_partido, Nombre_equipo1, Nombre_equipo2, Categoria, Resultado) VALUES (23, 'Ajax', 'Manchester United', 'Tercera', 1);
INSERT INTO champions(Id_partido, Nombre_equipo1, Nombre_equipo2, Categoria, Resultado) VALUES (24, 'Olympique Lyonnais', 'Juventus', 'Tercera', 1);
INSERT INTO champions(Id_partido, Nombre_equipo1, Nombre_equipo2, Categoria, Resultado) VALUES (25, 'Benfica', 'Manchester City', 'Tercera', 1);
INSERT INTO champions(Id_partido, Nombre_equipo1, Nombre_equipo2, Categoria, Resultado) VALUES (26, 'Tottenham', 'Borussia Dortmund', 'Tercera', 1);

CREATE TABLE Users(Id_user SERIAL, Nombre VARCHAR, Apellido VARCHAR, Email VARCHAR, Password VARCHAR);
INSERT INTO users(Nombre, Apellido, Email, Password) VALUES ('Juan', 'Perez', 'juan.perez@gmail.com', '1234');
INSERT INTO users(Nombre, Apellido, Email, Password) VALUES ('Maria', 'Gomez', 'maria.gomez@gmail.com', '1234');
INSERT INTO users(Nombre, Apellido, Email, Password) VALUES ('Pedro', 'Rodriguez', 'pedro.rodriguez@hotmail.com', '1234');
INSERT INTO users(Nombre, Apellido, Email, Password) VALUES ('Jose', 'Lopez', 'jose.lopez@yahoo.com', '1234');
INSERT INTO users(Nombre, Apellido, Email, Password) VALUES ('Ana', 'Martinez', 'ana.martinez@hotmail.com', '1234');

CREATE TABLE Equipos(Id_equipo SERIAL, Nombre VARCHAR, Categoria VARCHAR, Pais VARCHAR);
INSERT INTO equipos(Nombre, Categoria, Pais) VALUES ('Real Madrid', 'Primera', 'España');
INSERT INTO equipos(Nombre, Categoria, Pais) VALUES ('Barcelona', 'Primera', 'España');
INSERT INTO equipos(Nombre, Categoria, Pais) VALUES ('Paris Saint Germain', 'Primera', 'Francia');
INSERT INTO equipos(Nombre, Categoria, Pais) VALUES ('Bayern Munich FC', 'Primera', 'Alemania');
INSERT INTO equipos(Nombre, Categoria, Pais) VALUES ('Manchester United', 'Primera', 'Inglaterra');
INSERT INTO equipos(Nombre, Categoria, Pais) VALUES ('Chelsea FC', 'Primera', 'Inglaterra');
INSERT INTO equipos(Nombre, Categoria, Pais) VALUES ('Juventus', 'Primera', 'Italia');
INSERT INTO equipos(Nombre, Categoria, Pais) VALUES ('Ajax', 'Primera', 'Holanda');
INSERT INTO equipos(Nombre, Categoria, Pais) VALUES ('Liverpool FC', 'Primera', 'Inglaterra');
INSERT INTO equipos(Nombre, Categoria, Pais) VALUES ('Tottenham', 'Primera', 'Inglaterra');
INSERT INTO equipos(Nombre, Categoria, Pais) VALUES ('Manchester City', 'Primera', 'Inglaterra');
INSERT INTO equipos(Nombre, Categoria, Pais) VALUES ('Olympique Lyonnais', 'Primera', 'Francia');
INSERT INTO equipos(Nombre, Categoria, Pais) VALUES ('Borussia Dortmund', 'Primera', 'Alemania');
INSERT INTO equipos(Nombre, Categoria, Pais) VALUES ('Benfica', 'Primera', 'Portugal');
INSERT INTO equipos(Nombre, Categoria, Pais) VALUES ('Inter Millan', 'Segunda', 'Italia');